country,area,occupation_code,occupation,period,currency,unit,p25,median,p75,employment,wages_share_of_compensation_pct,median_with_benefits,source,series_ids
US,United States,SOC 41-3091,"Sales Representatives of Services, Except Advertising, Insurance, Financial Services, and Travel",May 2025,USD,annual,47670,69990,100480,1256010,75.3,92950,BLS OEWS; BLS ECEC 2026 Q2,OEUN000000000000041309101;OEUN000000000000041309112;OEUN000000000000041309113;OEUN000000000000041309114
US,United States,SOC 41-4011,"Sales Representatives, Wholesale and Manufacturing, Technical and Scientific Products",May 2025,USD,annual,75030,104920,158160,284800,75.3,139340,BLS OEWS; BLS ECEC 2026 Q2,OEUN000000000000041401101;OEUN000000000000041401112;OEUN000000000000041401113;OEUN000000000000041401114
US,United States,SOC 11-2022,Sales Managers,May 2025,USD,annual,100360,148270,207340,637080,67.5,219660,BLS OEWS; BLS ECEC 2026 Q2,OEUN000000000000011202201;OEUN000000000000011202212;OEUN000000000000011202213;OEUN000000000000011202214
US,"New York-Newark-Jersey City, NY-NJ",SOC 41-3091,"Sales Representatives of Services, Except Advertising, Insurance, Financial Services, and Travel",May 2025,USD,annual,,93750,,,75.3,124500,BLS OEWS; BLS ECEC 2026 Q2,OEUM003562000000041309113
US,"New York-Newark-Jersey City, NY-NJ",SOC 11-2022,Sales Managers,May 2025,USD,annual,,215150,,,67.5,318740,BLS OEWS; BLS ECEC 2026 Q2,OEUM003562000000011202213
US,"San Francisco-Oakland-Fremont, CA",SOC 41-3091,"Sales Representatives of Services, Except Advertising, Insurance, Financial Services, and Travel",May 2025,USD,annual,,96960,,,75.3,128760,BLS OEWS; BLS ECEC 2026 Q2,OEUM004186000000041309113
US,"San Francisco-Oakland-Fremont, CA",SOC 11-2022,Sales Managers,May 2025,USD,annual,,170810,,,67.5,253050,BLS OEWS; BLS ECEC 2026 Q2,OEUM004186000000011202213
US,"San Jose-Sunnyvale-Santa Clara, CA",SOC 41-3091,"Sales Representatives of Services, Except Advertising, Insurance, Financial Services, and Travel",May 2025,USD,annual,,116510,,,75.3,154730,BLS OEWS; BLS ECEC 2026 Q2,OEUM004194000000041309113
US,"San Jose-Sunnyvale-Santa Clara, CA",SOC 11-2022,Sales Managers,May 2025,USD,annual,,201780,,,67.5,298930,BLS OEWS; BLS ECEC 2026 Q2,OEUM004194000000011202213
US,"Boston-Cambridge-Newton, MA-NH",SOC 41-3091,"Sales Representatives of Services, Except Advertising, Insurance, Financial Services, and Travel",May 2025,USD,annual,,83420,,,75.3,110780,BLS OEWS; BLS ECEC 2026 Q2,OEUM001446000000041309113
US,"Boston-Cambridge-Newton, MA-NH",SOC 11-2022,Sales Managers,May 2025,USD,annual,,206610,,,67.5,306090,BLS OEWS; BLS ECEC 2026 Q2,OEUM001446000000011202213
US,"Seattle-Tacoma-Bellevue, WA",SOC 41-3091,"Sales Representatives of Services, Except Advertising, Insurance, Financial Services, and Travel",May 2025,USD,annual,,82540,,,75.3,109610,BLS OEWS; BLS ECEC 2026 Q2,OEUM004266000000041309113
US,"Seattle-Tacoma-Bellevue, WA",SOC 11-2022,Sales Managers,May 2025,USD,annual,,184320,,,67.5,273070,BLS OEWS; BLS ECEC 2026 Q2,OEUM004266000000011202213
US,"Los Angeles-Long Beach-Anaheim, CA",SOC 41-3091,"Sales Representatives of Services, Except Advertising, Insurance, Financial Services, and Travel",May 2025,USD,annual,,79450,,,75.3,105510,BLS OEWS; BLS ECEC 2026 Q2,OEUM003108000000041309113
US,"Los Angeles-Long Beach-Anaheim, CA",SOC 11-2022,Sales Managers,May 2025,USD,annual,,132330,,,67.5,196040,BLS OEWS; BLS ECEC 2026 Q2,OEUM003108000000011202213
US,"Chicago-Naperville-Elgin, IL-IN",SOC 41-3091,"Sales Representatives of Services, Except Advertising, Insurance, Financial Services, and Travel",May 2025,USD,annual,,70710,,,75.3,93900,BLS OEWS; BLS ECEC 2026 Q2,OEUM001698000000041309113
US,"Chicago-Naperville-Elgin, IL-IN",SOC 11-2022,Sales Managers,May 2025,USD,annual,,158690,,,67.5,235100,BLS OEWS; BLS ECEC 2026 Q2,OEUM001698000000011202213
US,"Washington-Arlington-Alexandria, DC-VA-MD-WV",SOC 41-3091,"Sales Representatives of Services, Except Advertising, Insurance, Financial Services, and Travel",May 2025,USD,annual,,78110,,,75.3,103730,BLS OEWS; BLS ECEC 2026 Q2,OEUM004790000000041309113
US,"Washington-Arlington-Alexandria, DC-VA-MD-WV",SOC 11-2022,Sales Managers,May 2025,USD,annual,,175820,,,67.5,260470,BLS OEWS; BLS ECEC 2026 Q2,OEUM004790000000011202213
US,"Austin-Round Rock-San Marcos, TX",SOC 41-3091,"Sales Representatives of Services, Except Advertising, Insurance, Financial Services, and Travel",May 2025,USD,annual,,62900,,,75.3,83530,BLS OEWS; BLS ECEC 2026 Q2,OEUM001242000000041309113
US,"Austin-Round Rock-San Marcos, TX",SOC 11-2022,Sales Managers,May 2025,USD,annual,,151760,,,67.5,224830,BLS OEWS; BLS ECEC 2026 Q2,OEUM001242000000011202213
US,"Dallas-Fort Worth-Arlington, TX",SOC 41-3091,"Sales Representatives of Services, Except Advertising, Insurance, Financial Services, and Travel",May 2025,USD,annual,,63280,,,75.3,84040,BLS OEWS; BLS ECEC 2026 Q2,OEUM001910000000041309113
US,"Dallas-Fort Worth-Arlington, TX",SOC 11-2022,Sales Managers,May 2025,USD,annual,,144290,,,67.5,213760,BLS OEWS; BLS ECEC 2026 Q2,OEUM001910000000011202213
US,"Atlanta-Sandy Springs-Roswell, GA",SOC 41-3091,"Sales Representatives of Services, Except Advertising, Insurance, Financial Services, and Travel",May 2025,USD,annual,,78950,,,75.3,104850,BLS OEWS; BLS ECEC 2026 Q2,OEUM001206000000041309113
US,"Atlanta-Sandy Springs-Roswell, GA",SOC 11-2022,Sales Managers,May 2025,USD,annual,,166920,,,67.5,247290,BLS OEWS; BLS ECEC 2026 Q2,OEUM001206000000011202213
US,"Denver-Aurora-Centennial, CO",SOC 41-3091,"Sales Representatives of Services, Except Advertising, Insurance, Financial Services, and Travel",May 2025,USD,annual,,80650,,,75.3,107100,BLS OEWS; BLS ECEC 2026 Q2,OEUM001974000000041309113
US,"Denver-Aurora-Centennial, CO",SOC 11-2022,Sales Managers,May 2025,USD,annual,,181580,,,67.5,269010,BLS OEWS; BLS ECEC 2026 Q2,OEUM001974000000011202213
CA,Canada,NOC 64101,Sales and account representatives - wholesale trade (non-technical),2023-2024,CAD,hourly,24.04,31.5,43.27,,,,ESDC Job Bank 2025 wage file (Labour Force Survey); Open Government Licence - Canada,
CA,Canada,NOC 62100,Technical sales specialists - wholesale trade,2023-2024,CAD,hourly,28,37.07,48.52,,,,ESDC Job Bank 2025 wage file (Labour Force Survey); Open Government Licence - Canada,
CA,Canada,NOC 60010,Corporate sales managers,2023-2024,CAD,hourly,46.42,60.1,86.54,,,,ESDC Job Bank 2025 wage file (Labour Force Survey); Open Government Licence - Canada,
CA,Toronto,NOC 64101,Sales and account representatives - wholesale trade (non-technical),2023-2024,CAD,hourly,23,31.25,43.27,,,,ESDC Job Bank 2025 wage file (Labour Force Survey); Open Government Licence - Canada,
CA,Toronto,NOC 62100,Technical sales specialists - wholesale trade,2023-2024,CAD,hourly,30.77,40.06,52.5,,,,ESDC Job Bank 2025 wage file (Labour Force Survey); Open Government Licence - Canada,
CA,Toronto,NOC 60010,Corporate sales managers,2023-2024,CAD,hourly,46.67,59.55,96.15,,,,ESDC Job Bank 2025 wage file (Labour Force Survey); Open Government Licence - Canada,
CA,Montreal,NOC 64101,Sales and account representatives - wholesale trade (non-technical),2023-2024,CAD,hourly,24.04,31.45,40.87,,,,ESDC Job Bank 2025 wage file (Labour Force Survey); Open Government Licence - Canada,
CA,Montreal,NOC 62100,Technical sales specialists - wholesale trade,2023-2024,CAD,hourly,24.04,34.62,46.15,,,,ESDC Job Bank 2025 wage file (Labour Force Survey); Open Government Licence - Canada,
CA,Montreal,NOC 60010,Corporate sales managers,2024,CAD,hourly,,53.37,,,,,ESDC Job Bank 2025 wage file (Small Area Estimation); Open Government Licence - Canada,
CA,Calgary,NOC 64101,Sales and account representatives - wholesale trade (non-technical),2023-2024,CAD,hourly,24.15,33,43.27,,,,ESDC Job Bank 2025 wage file (Labour Force Survey); Open Government Licence - Canada,
CA,Calgary,NOC 62100,Technical sales specialists - wholesale trade,2023-2024,CAD,hourly,25,36.85,60.1,,,,ESDC Job Bank 2025 wage file (Labour Force Survey); Open Government Licence - Canada,
CA,Calgary,NOC 60010,Corporate sales managers,2023-2024,CAD,hourly,41.35,65.1,92.31,,,,ESDC Job Bank 2025 wage file (Labour Force Survey); Open Government Licence - Canada,
CA,"Lower Mainland, BC",NOC 64101,Sales and account representatives - wholesale trade (non-technical),2023-2024,CAD,hourly,25.64,33.65,45.67,,,,ESDC Job Bank 2025 wage file (Labour Force Survey); Open Government Licence - Canada,
CA,"Lower Mainland, BC",NOC 62100,Technical sales specialists - wholesale trade,2023-2024,CAD,hourly,31.25,41.03,53.33,,,,ESDC Job Bank 2025 wage file (Labour Force Survey); Open Government Licence - Canada,
CA,"Lower Mainland, BC",NOC 60010,Corporate sales managers,2024,CAD,hourly,,57.04,,,,,ESDC Job Bank 2025 wage file (Small Area Estimation); Open Government Licence - Canada,
